item_id,pred
FOODS_3_090,54.20409010295339
FOODS_3_586,39.430430936843756
FOODS_3_120,37.506526264411384
FOODS_3_252,36.82979068980061
FOODS_3_587,26.85512656168563
FOODS_3_282,24.569417062354994
FOODS_3_501,24.511413600827108
FOODS_3_064,23.68563846449336
FOODS_3_295,23.099369171785536
FOODS_3_511,21.879841526956767
